source,author,title,description,url,urlToImage,publishedAt,content,date
"{'id': None, 'name': 'Yahoo Entertainment'}",Dong Cao and Nicolas Parasie,Abu Dhabi’s Biggest Fund Hires Ex-JD Executive in China,"(Bloomberg) -- Abu Dhabi’s biggest wealth fund hired the finance chief of a JD.com Inc. unit to help oversee its private equity investments in China, at a...",https://finance.yahoo.com/news/abu-dhabi-biggest-fund-hires-094249824.html,https://s.yimg.com/ny/api/res/1.2/ycDJEAM8v_ljTeZX49OPZw--/YXBwaWQ9aGlnaGxhbmRlcjt3PTEyMDA7aD04MDA-/https://media.zenfs.com/en/bloomberg_markets_842/8f0f9d7185950b821dad1192324ed192,2024-06-20T12:58:48Z,"(Bloomberg) -- Abu Dhabis biggest wealth fund hired the finance chief of a JD.com Inc. unit to help oversee its private equity investments in China, at a time the United Arab Emirates is increasing i… [+1567 chars]",2024-06-20
"{'id': 'business-insider', 'name': 'Business Insider'}",Dan DeFrancesco,"With Paramount's long and winding sales process coming to an end, here's what comes next for the media giant",Paramount's lengthy sales process ends with a deal from Skydance valuing it at $8 billion.,https://www.businessinsider.com/paramount-deal-acquisition-skydance-david-ellison-streaming-what-now,https://i.insider.com/665eec7b1cd3b1779042f5c3?width=1200&format=jpeg,2024-06-04T13:32:38Z,"PATRICK T. FALLON/Getty Images
<ul><li>This post originally appeared in the Insider Today newsletter.</li><li>You can sign up for Business Insider's daily newsletter here.</li></ul>Hello! You can re… [+7258 chars]",2024-06-04
"{'id': None, 'name': 'The Atlantic'}",Vaibhav Vats,The Humbling of Narendra Modi,Indian voters handed him a victory that feels more like defeat.,https://www.theatlantic.com/international/archive/2024/06/modi-india-2024-election/678664/?utm_source=feed,,2024-06-15T11:00:00Z,"Prime Minister Narendra Modi seemed subdued when India’s election results were declared on June 4. His Bharatiya Janata Party still had the most seats in Parliament; however, with 63 fewer than in th… [+8389 chars]",2024-06-15
"{'id': None, 'name': 'Forbes'}","David Prosser, Contributor, 
 David Prosser, Contributor
 https://www.forbes.com/sites/davidprosser/",Is India The Ultimate Growth Market For Tax Compliance Software?,Prosperr.io has raised $1.55 million of pre-seed finance as it seeks to scale its income tax compliance software products and to expand internationally,https://www.forbes.com/sites/davidprosser/2024/06/17/is-india-the-ultimate-growth-market-for-tax-compliance-software/,"https://imageio.forbes.com/specials-images/imageserve/666f065397e13739e65a4ac4/0x0.jpg?format=jpg&crop=2570,1204,x0,y677,safe&height=900&width=1600&fit=bounds",2024-06-17T04:00:00Z,"Prosperr founders Dev Kumar and Manas Gond
Prosperr.io
Indias historic general election with 870 million people eligible to vote in recent weeks has focused international attention on a country tha… [+4757 chars]",2024-06-17
"{'id': None, 'name': 'Phys.Org'}","Benjamin LEGENDRE, Nick PERRY",Rich nations met $100 bn climate finance goal two years late: OECD,"Wealthy countries met their target of providing $100 billion in annual climate aid to poorer countries for the first time in 2022 though two years later than promised, the OECD said Wednesday.",https://phys.org/news/2024-05-rich-nations-met-bn-climate.html,https://scx2.b-cdn.net/gfx/news/2024/as-developing-countrie.jpg,2024-05-29T13:38:33Z,"Wealthy countries met their target of providing $100 billion in annual climate aid to poorer countries for the first time in 2022 though two years later than promised, the OECD said Wednesday.
The f… [+3326 chars]",2024-05-29
"{'id': None, 'name': 'MarketWatch'}",Gordon Gottsegen,Stock trades must now settle in just one day. Here’s why Wall Street should move even faster.,A new one-day settlement rule for stocks and many other securities takes effect on Tuesday. Advocates say same-day settlement would be even better for investors.,https://www.marketwatch.com/story/stock-trades-must-now-settle-in-just-one-day-heres-why-wall-street-should-move-even-faster-46f4eea2,https://images.mktw.net/im-22733084/social,2024-05-25T12:00:00Z,"For decades, Wall Street has been processing trades faster and faster, and on May 28 the industry will hit a new benchmark when it moves from the T+2 to T+1 settlement cycle.This means whenever an in… [+2962 chars]",2024-05-25
"{'id': None, 'name': 'Economictimes.com'}",Getty Images,7 mutual funds reduce stake in these mid cap stocks,"Around seven mutual funds reduced their exposure in mid cap stocks in May. Here is the breakup of stocks, according to the Mutual Fund Insight report by Nuvama Alternative & Quantitative Research. Reduction of exposure",https://m.economictimes.com/mf/analysis/7-mutual-funds-reduce-stake-in-these-mid-cap-stocks/reduction-of-exposure/slideshow/111050620.cms,"https://img.etimg.com/thumb/msid-111050620,width-1070,height-580,overlay-etwealthmutualfunds/photo.jpg",2024-06-17T05:21:17Z,"Jun 17, 2024, 10:51:17 AM IST
Around seven mutual funds reduced their exposure in mid cap stocks in May. Here is the breakup of stocks, according to the Mutual Fund Insight report by Nuvama Alternat… [+1066 chars]",2024-06-17
"{'id': 'al-jazeera-english', 'name': 'Al Jazeera English'}",Yashraj Sharma,"‘In shadows’: Meta, YouTube black market clouds India election integrity",Some of India's top social election ad spenders are Facebook pages bought and sold in violation of the company's rules.,https://www.aljazeera.com/news/2024/5/31/in-shadows-meta-youtube-black-market-clouds-india-election-integrity,https://www.aljazeera.com/wp-content/uploads/2024/05/AP359574107563-1717129900.jpg?resize=1920%2C1440,2024-05-31T05:20:48Z,"New Delhi, India In 2019, political consultant Tushar Giri found himself in a room with a distraught veteran leader from Indian Prime Minister Narendra Modis Bharatiya Janata Party (BJP).
The politi… [+12081 chars]",2024-05-31
"{'id': None, 'name': 'Yahoo Entertainment'}",,India Reappoints Nirmala Sitharaman as Finance Minister,,https://consent.yahoo.com/v2/collectConsent?sessionId=1_cc-session_3066c9aa-69ce-46f3-92d2-3f31e2fd1b4e,,2024-06-10T14:58:23Z,"If you click 'Accept all', we and our partners, including 238 who are part of the IAB Transparency &amp; Consent Framework, will also store and/or access information on a device (in other words, use … [+678 chars]",2024-06-10
"{'id': None, 'name': 'Vox'}",Zack Beauchamp,The enormous stakes of India’s election,"The 2024 Indian election is the largest in world history: Nearly 1 billion people are eligible to cast their ballots. Administering such a giant election is an immensely difficult task, especially in a middle-income country where poverty remains all too commo…",https://www.vox.com/world-politics/351497/india-election-2024-explainer-narendra-modi-bjp,"https://platform.vox.com/wp-content/uploads/sites/2/2024/05/gettyimages-2153591529.jpg?quality=90&strip=all&crop=0,10.776130549589,100,78.447738900822",2024-05-24T21:14:27Z,"The 2024 Indian election is the largest in world history: Nearly 1 billion people are eligible to cast their ballots. Administering such a giant election is an immensely difficult task, especially in… [+6940 chars]",2024-05-24
"{'id': 'al-jazeera-english', 'name': 'Al Jazeera English'}",Somdeep Sen,"Darker days lay ahead for opposition, minorities after India’s election","Modi-led Hindu nationalists are set to win the election, and will likely use their new mandate to increase repression.",https://www.aljazeera.com/opinions/2024/5/31/darker-days-lay-ahead-for-opposition-minorities-after-indias-election,https://www.aljazeera.com/wp-content/uploads/2024/05/2024-05-22T101829Z_758734618_RC2WW6AVRSCG_RTRMADP_3_INDIA-ELECTION-MODI-LOOKALIKES-1716442796.jpg?resize=1920%2C1440,2024-05-31T12:20:12Z,"For many commentators, an unequivocal victory for Narendra Modi and his Hindu nationalist Bharatiya Janata Party (BJP) is the foregone conclusion of the ongoing Indian general elections. They insist … [+6632 chars]",2024-05-31
"{'id': 'al-jazeera-english', 'name': 'Al Jazeera English'}",Sarah Shamim,Election results: How have India’s past coalition governments fared?,"PM Modi faces the test of ruling a coalition government. It won't be easy, say analysts. But the past holds lessons.",https://www.aljazeera.com/news/2024/6/7/election-results-how-have-indias-past-coalition-governments-fared,https://www.aljazeera.com/wp-content/uploads/2024/06/GettyImages-1017648412-1717669038.jpg?resize=1200%2C630,2024-06-07T05:52:11Z,Narendra Modi is likely to return as Indias prime minister for a third term but will have to rely on allies to run a coalition government for the first time after his Bharatiya Janata Party (BJP) fel… [+7310 chars],2024-06-07
"{'id': None, 'name': 'Forbes'}","Serge Beck, Forbes Councils Member, 
 Serge Beck, Forbes Councils Member
 https://www.forbes.com/sites/forbestechcouncil/people/sergebeck/",The Impact Of Card Issuance In Today’s Financial Landscape,"The rise of fintech innovations and digital finance has transformed card issuance into a necessity for financial institutions, businesses and startups.",https://www.forbes.com/sites/forbestechcouncil/2024/06/14/the-impact-of-card-issuance-in-todays-financial-landscape/,https://imageio.forbes.com/specials-images/imageserve/62a790ea0860e03dc010acef/0x0.jpg?format=jpg&height=900&width=1600&fit=bounds,2024-06-14T10:00:00Z,"Serge Beck is the founder and CEO Omniwire.
getty
Card issuers' ability to provide both virtual and physical cards significantly boosts customer engagement across various sectors, including retail … [+5673 chars]",2024-06-14
"{'id': None, 'name': 'Forbes'}","Nina Seega, Contributor, 
 Nina Seega, Contributor
 https://www.forbes.com/sites/ninaseega/",European Elections: Climate Action Will Deliver On Both Security And The Economy,Over 400 million Europeans will be voting in the June elections. Security and defense are topping manifestos so far - but there is little mention of sustainable finance.,https://www.forbes.com/sites/ninaseega/2024/05/28/european-elections-climate-action-will-deliver-on-both-security-and-the-economy/,https://imageio.forbes.com/specials-images/imageserve/6655ec174f9a5ba6e55b2c7f/0x0.jpg?format=jpg&height=900&width=1600&fit=bounds,2024-05-28T14:45:40Z,"WASHINGTON, DC - MARCH 10: U.S. President Joe Biden (R) meets with President of European Commission ... [+] Ursula von der Leyen in 2023.
Getty Images
2024 is the most election-heavy year the world… [+4740 chars]",2024-05-28
"{'id': None, 'name': 'Forbes'}","Yessar Rosendar, Forbes Staff, 
 Yessar Rosendar, Forbes Staff
 https://www.forbes.com/sites/yessarrosendar/",Billionaire Gautam Adani’s Ambuja Cement To Buy Rival For $1.2 Billion Amid India Construction Boom,Indian billionaire Gautam Adani's Ambuja Cement agreed to buy Penna Cement for $1.2 billion amid a construction boom in the subcontinent.,https://www.forbes.com/sites/yessarrosendar/2024/06/14/billionaire-gautam-adanis-ambuja-cement-to-buy-rival-for-12-billion-amid-india-construction-boom/,https://imageio.forbes.com/specials-images/imageserve/666be929f4d5479f51edf64e/0x0.jpg?format=jpg&height=900&width=1600&fit=bounds,2024-06-14T07:21:11Z,"India's Adani Group Chairman Gautam Adani leaves after addressing the Vibrant Gujarat Global Summit, ... [+] a business event to attract investments to the Gujarat state, in Gandhinagar, India, Wedne… [+2552 chars]",2024-06-14
"{'id': None, 'name': 'Economictimes.com'}",iStock,"GAIL, Suzlon Energy among 31 new additions by 11 mutual funds in May","Eleven pure equity mutual funds added a total of 31 new stocks in May across market capitalisations. They also increased their holding in 33 stocks during the month, according to a Nuvama note. Together they have bought shares worth Rs 47,700 crore, the note …",https://m.economictimes.com/mf/analysis/gail-suzlon-energy-among-31-new-additions-by-11-mutual-funds-in-may/new-additions/slideshow/111017060.cms,"https://img.etimg.com/thumb/msid-111017060,width-1070,height-580,overlay-etwealthmutualfunds/photo.jpg",2024-06-15T08:21:43Z,"Jun 15, 2024, 01:51:43 PM IST
Eleven pure equity mutual funds added a total of 31 new stocks in May across market capitalisations. They also increased their holding in 33 stocks during the month, ac… [+1191 chars]",2024-06-15
"{'id': 'nbc-news', 'name': 'NBC News'}","Nessa Anwar, CNBC",Global debt has grown to $315 trillion this year — here's how we got here,"The world is mired in $315 trillion of debt, according to a report from the Institute of International Finance.",https://www.nbcnews.com/business/business-news/global-debt-grown-315-trillion-year-got-rcna154581,"https://media-cldnry.s-nbcnews.com/image/upload/t_nbcnews-fp-1200-630,f_auto,q_auto:best/rockcms/2024-05/240529-people-commute-ch-1617-a211a3.jpg",2024-05-29T20:26:22Z,"The world is mired in $315 trillion of debt, according to a report from the Institute of International Finance.
This global debt wave has been the biggest, fastest and most wide-ranging rise in debt… [+1802 chars]",2024-05-29
"{'id': None, 'name': 'Theregister.com'}",Laura Dobberstein,China lands probe Chang'e-6 on the far side of the Moon,"PLUS: Singapore intros AI safety tools; Satya Nadella fined by Indian gov; China stops influencers flaunting bling
ASIA IN BRIEF China's Chang'e-6 Probe has landed on the far side of the Moon on Sunday.…<!--#include virtual='/data_centre/_whitepaper_textlinks…",https://www.theregister.com/2024/06/03/asia_tech_news_roundup/,https://regmedia.co.uk/2024/06/02/supplied_chang_e_6_landing_image.jpg,2024-06-03T00:44:01Z,"ASIA IN BRIEF China's Chang'e-6 Probe has landed on the far side of the Moon on Sunday.
State media reported that an ""autonomous visual obstacle avoidance system"" assessed the ""brightness and darkne… [+4384 chars]",2024-06-03
"{'id': 'the-times-of-india', 'name': 'The Times of India'}",ET Now,BJP focus on threats rather than opportunities unlike INDIA alliance in election narratives: Madhavan Narayanan,"Madhavan Narayanan, a Senior Journalist, discusses the election dynamics . He says for 2014 election was a lot about strong leadership and attempted end to corruption. 2019 was Pulwama and some of the national security issues, along with a certain benefit of …",https://economictimes.indiatimes.com/markets/expert-view/bjp-focus-on-threats-rather-than-opportunities-unlike-india-alliance-in-election-narratives-madhavan-narayanan/articleshow/110454132.cms,"https://img.etimg.com/thumb/msid-110454347,width-1200,height-630,imgsize-52230,overlay-etmarkets/photo.jpg",2024-05-27T05:25:21Z,"Speaking to ET Now, Madhavan Narayanan, Senior Journalist, says that in this election, one differentiating factor is that Congress or the INDIA alliance has been focusing on the opportunities for the… [+7951 chars]",2024-05-27
"{'id': 'business-insider', 'name': 'Business Insider'}",Hallie Lieberman,"The chancellor, his porn films, and the battle for America's soul",Joe Gow and Carmen Wilson filmed themselves having sex with porn stars. Their university was not pleased.,https://www.businessinsider.com/professors-turned-porn-stars-free-speech-campus-battle-wisconsin-2024-6,https://i.insider.com/66635e4bed9a404d829bd79f?width=1200&format=jpeg,2024-06-16T10:00:01Z,"Joe Gow and Carmen Wilson pursued porn as a hobby. Now they're fighting a battle over academic freedom.Simone Lueck for BI
As I'm eating roti in a booth with Joe Gow and his wife, Carmen Wilson, a m… [+25851 chars]",2024-06-16
"{'id': None, 'name': 'Skift'}",Skift,India’s Tourism Setback: Sharp Drop in Travel Ranking Since 2019,"While the future of India's travel and tourism sector looks promising, the reality right now is a bit different and that's exactly what the World Economic Forum's index reflects. -Peden Doma Bhutia",http://skift.com/2024/05/22/indias-tourism-setback-sharp-drop-in-travel-ranking-since-2019/,https://skift.com/wp-content/uploads/2023/12/pexels-photo-3070333-e1702380402718.jpeg,2024-05-22T11:49:05Z,"India has experienced a significant drop in the World Economic Forum’s travel and tourism rankings since 2019, falling 10 places to the 39th position. This decline has come despite the sector’s overa… [+2460 chars]",2024-05-22
"{'id': None, 'name': 'Yahoo Entertainment'}",Ashutosh Joshi,"India Market Buzz: Blackstone’s Deal, Tighter Derivatives Rules",(Bloomberg) -- Before the trading day starts we bring you a daily digest of the key news and events that are likely to move markets.Most Read from...,https://www.yahoo.com/news/india-market-buzz-blackstone-deal-030435678.html,https://media.zenfs.com/en/bloomberg_politics_602/0caaf7d10cbf31bfb64bb265ca6d2ac5,2024-06-10T03:04:35Z,"(Bloomberg) -- Before the trading day starts we bring you a daily digest of the key news and events that are likely to move markets.
Most Read from Bloomberg
Good morning, this is Ashutosh, an equi… [+3110 chars]",2024-06-10
"{'id': None, 'name': 'Project Syndicate'}",Andrew Sheng,Economic Development in an Age of Great-Power Competition,"While major economies plow money into high-tech sectors and impose tit-for-tat trade restrictions, most developing countries’ capacity to finance investment is limited, and they depend on access to global or regional markets to pursue comparative advantage. H…",https://www.project-syndicate.org/commentary/how-developing-economies-can-increase-competitiveness-amid-us-china-trade-war-by-andrew-sheng-and-xiao-geng-2024-05,https://webapi.project-syndicate.org/library/156d319644930267f79cf5e85db5f0a1.2-1-super.1.jpg,2024-05-30T09:47:05Z,"While major economies plow money into high-tech sectors and impose tit-for-tat trade restrictions, most developing countries capacity to finance investment is limited, and they depend on access to gl… [+6865 chars]",2024-05-30
"{'id': 'al-jazeera-english', 'name': 'Al Jazeera English'}",Al Jazeera,India’s Modi to take oath as PM for third term with coalition allies,"Coalition partners will demand cabinet positions, but Modi may keep the top jobs for the members of his own party.",https://www.aljazeera.com/news/2024/6/9/indias-modi-to-take-oath-as-pm-for-third-term-with-coalition-allies,https://www.aljazeera.com/wp-content/uploads/2024/06/2024-06-07T134059Z_1580070459_RC2D68AE17J0_RTRMADP_3_INDIA-ELECTION-MODI-1717787179.jpg?resize=1920%2C1440,2024-06-09T08:19:40Z,"Indias Narendra Modi is set to be sworn in as the prime minister for a third term in power, but alongside a set of allies with whom he has formed a coalition after his party failed to get a majority … [+3229 chars]",2024-06-09
"{'id': None, 'name': 'Ritholtz.com'}",Barry Ritholtz,Transcript: Anand Giridharadas,"﻿     The transcript from this week’s, MiB: Anand Giridharadas on Persuasion in a Free Societ, is below. You can stream and download our full conversation, including any podcast extras, on Apple Podcasts, Spotify, YouTube, and Bloomberg. All of our earlier po…",https://ritholtz.com/2024/05/transcript-anand-giridharadas/,https://ritholtz.com/wp-content/uploads/2023/02/Mib-tile.png,2024-05-27T13:00:55Z,"The transcript from this weeks, MiB: Anand Giridharadas on Persuasion in a Free Societ, is below.
You can stream and download our full conversation, including any podcast extras, on Apple Podcasts, … [+67790 chars]",2024-05-27
"{'id': None, 'name': 'Yahoo Entertainment'}",editorial-team@simplywallst.com (Simply Wall St),AU Small Finance Bank And Two More Indian Growth Companies With High Insider Stakes,"Amidst the ebbs and flows of political campaigns and voter turnout debates, India's stock market has shown resilience, reflecting investor confidence in the ...",https://finance.yahoo.com/news/au-small-finance-bank-two-010348969.html,https://media.zenfs.com/en/simply_wall_st__316/1762e59d0031dd7c767b613ac375bc3b,2024-06-03T01:03:48Z,"Amidst the ebbs and flows of political campaigns and voter turnout debates, India's stock market has shown resilience, reflecting investor confidence in the continuity of economic policies. In such a… [+5748 chars]",2024-06-03
"{'id': None, 'name': 'CoinDesk'}",Amitoj Singh,"India Springs Election Surprise, Sends Equity Market Crashing With Uncertain Implications for Crypto","India's voters have sprung an election surprise, even though Prime Minister Narendra Modi's party and its allies are poised to return to power, a result that could see the government kick the crypto policy can down the road"" in terms of its priorities.",https://www.coindesk.com/policy/2024/06/04/india-springs-election-surprise-sends-equity-market-crashing-with-uncertain-implications-for-crypto/,https://www.coindesk.com/resizer/oL0rBI8gTExcwyHFrOQXV3wjn7s=/1200x628/center/middle/cloudfront-us-east-1.images.arcpublishing.com/coindesk/RNB4BC3PN5HFVPOVYY3O7UXHXQ.jpg,2024-06-04T15:40:45Z,"<ul><li>India's election results are underwhelming for Prime Minister Narendra Modi's ruling party.
</li><li>If Modi is able to persuade his allies to stay, the government will continue, albeit with… [+3165 chars]",2024-06-04
"{'id': None, 'name': 'Yahoo Entertainment'}",Jared Blikre,US markets get an election preview from India and Mexico: Morning Brief,Mexican and Indian markets had some major volatility this week after the former's landslide was bigger than expected and the latter's smaller. But the same...,https://finance.yahoo.com/news/us-markets-get-an-election-preview-from-india-and-mexico-morning-brief-100018165.html,https://s.yimg.com/ny/api/res/1.2/tTOBCQtOtdanHuys7mIy1Q--/YXBwaWQ9aGlnaGxhbmRlcjt3PTEyMDA7aD04MDA-/https://s.yimg.com/os/creatr-uploaded-images/2024-06/c4759580-22b5-11ef-bbdd-3bad973befff,2024-06-05T10:00:18Z,"This is The Takeaway from today's Morning Brief, which you can sign up to receive in your inbox every morning along with:
<ul><li>The chart of the day
</li><li>What we're watching
</li><li>What we… [+2910 chars]",2024-06-05
"{'id': None, 'name': 'SamMobile'}",Abid Iqbal Shaik,Google Discover now shows sunrise and sunset times on your Galaxy phone,"The Google app for Android’s Discover section gives you the option to see four cards: Air quality, Finance, Sport, and Weather. Well, Google has now added one more card to the Discover section of the Google app: Sunrise and Sunset (via 9To5Google). As the nam…",https://www.sammobile.com/news/google-discover-sunrise-sunset-card/,https://www.sammobile.com/wp-content/uploads/2024/04/Galaxy-M55-review-software-2-720x405.jpg,2024-05-29T15:42:33Z,"The Google app for Androids Discover section gives you the option to see four cards: Air quality, Finance, Sport, and Weather. Well, Google has now added one more card to the Discover section of the … [+823 chars]",2024-05-29
"{'id': None, 'name': 'Forbes'}","Rob Kaplan, Contributor, 
 Rob Kaplan, Contributor
 https://www.forbes.com/sites/robkaplan/",Seizing The Moment On A Global Plastics Treaty: Finding The Common Ground To Mobilize Private Capital,Getting a global plastics agreement – even to a minimum set of standards and policies – would be a huge win towards unlocking investment.,https://www.forbes.com/sites/robkaplan/2024/06/21/seizing-the-moment-on-a-global-plastics-treaty-finding-the-common-ground-to-mobilize-private-capital/,https://imageio.forbes.com/specials-images/imageserve/6675758226d44e52868c475e/0x0.jpg?format=jpg&height=900&width=1600&fit=bounds,2024-06-21T12:49:32Z,"The Investor View of the 170+ Countries Attempting to Do Whats Never Been Done
This spring, 170+ countries came together in Ottawa to push forward with a comprehensive plastics treaty that could tur… [+7327 chars]",2024-06-21
"{'id': None, 'name': 'Techreport.com'}",Lora Pance,The Digital Currency Dilemma – Will CBDCs Revolutionize Finance or Flop?,"Since the first retail CBDC, the Sand Dollar, launched in the Bahamas in 2019, governments across the globe have been actively exploring the digitalization path. Last month, Bundesbank president Joachim...
The post The Digital Currency Dilemma – Will CBDCs Re…",https://techreport.com/crypto-news/digital-currency-dilemma-will-cbdcs-revolutionize-finance-or-flop/,https://techreport.com/wp-content/uploads/2024/06/digital-currency-dilemma-will-cbdcs-revolutionize-finance-or-flop.png?_t=1718887569,2024-06-20T12:46:08Z,"Since the first retail CBDC, the Sand Dollar, launched in the Bahamas in 2019, governments across the globe have been actively exploring the digitalization path.
Last month, Bundesbank president Joa… [+5383 chars]",2024-06-20
"{'id': 'cbc-news', 'name': 'CBC News'}",,Bad math and missing millions: Why the Toronto airport gold heist is far from solved,"The theft of 400 kilograms of gold from Toronto's Pearson Airport in April 2023 played out like a Hollywood movie. But even after police charged 12 men in connection with the heist, tens of millions in gold is still missing, raising the question of whether in…",https://www.cbc.ca/news/canada/toronto-gold-heist-questions-india-1.7238601,https://i.cbc.ca/1.7238751.1718824144!/fileImage/httpImage/image.jpg_gen/derivatives/16x9_620/small-replica-gold-bar.jpg,2024-06-20T08:00:46Z,"The 400 kilograms of stolen gold disappeared from view on a country road outside Toronto, somewhere past a golf course and an apple orchard.
In the days after the brazen April 2023 robbery at Pearso… [+10244 chars]",2024-06-20
"{'id': 'cbc-news', 'name': 'CBC News'}",,PM Modi has been humbled by India's election results. What's next?,"India's general election saw Prime Minister Narendra Modi’s Bharatiya Janata Party lose more than 60 seats. Now, the once-dominant leader is at the mercy of his political allies, whom he will have to learn to negotiate with for the next five years in a delica…",https://www.cbc.ca/news/world/modi-india-election-what-s-next-1.7231844,https://i.cbc.ca/1.7232133.1718150768!/fileImage/httpImage/image.JPG_gen/derivatives/16x9_620/india-election-modi.JPG,2024-06-13T08:00:00Z,"The swearing-in ceremony on Sunday for India's leader was grand. Scores of flowers adorned the stage of New Delhi's presidential palace, and thousands of guests were in attendance. 
But a more muted… [+6331 chars]",2024-06-13
"{'id': None, 'name': 'Yahoo Entertainment'}",editorial-team@simplywallst.com (Simply Wall St),Examining 3 SGX Dividend Stocks With Yields Up To 9.6%,"As the global finance industry stands on the brink of transformation with AI technologies poised to redefine operational landscapes and profitability, the...",https://finance.yahoo.com/news/examining-3-sgx-dividend-stocks-000626662.html,https://media.zenfs.com/en/simply_wall_st__316/36c6840dc76edf99f4dd4c6af7e086b2,2024-06-21T00:06:26Z,"As the global finance industry stands on the brink of transformation with AI technologies poised to redefine operational landscapes and profitability, the Singapore market continues its steady perfor… [+5435 chars]",2024-06-21
"{'id': None, 'name': 'Courrier International'}",,Dans la cuisine d’un Prix Nobel,"Le quotidien indien “The Times of India” publie chaque mois les chroniques de l’économiste Abhijit Banerjee, mêlant théories économiques, observations sur la société indienne et recettes de cuisine.",https://www.courrierinternational.com/article/le-courrier-des-recettes-dans-la-cuisine-d-un-prix-nobel,https://focus.courrierinternational.com/2024/05/29/0/18/2011/1341/1200/630/60/0/cf7d6ae_1716994478988-000-hkg2005080277508.jpg,2024-06-01T03:00:16Z,"Certains font des économies, dautres du shami.Le récit commence par le souvenir dun voyage en train agrémenté de batata bhaji (un curry de pommes de terre), se poursuit par lévocation de léconomiste … [+3501 chars]",2024-06-01
"{'id': None, 'name': 'Atlassian.com'}",Angelo Macaraeg,Empowering organisations in India,"Atlassian Announces Local Data Residency Program
The post Empowering organisations in India appeared first on Work Life by Atlassian.",https://www.atlassian.com/blog/enterprise/empowering-orgs-india,https://www.atlassian.com/blog/wp-content/uploads/2024/05/csd-9564-blog_big-stat_740x370.png,2024-05-22T21:26:56Z,"As India continues to operate as a driving force in the tech industry, locally-based enterprises now have an opportunity to strengthen their upper hand. Until now, the evolution of SaaS solutions and… [+9851 chars]",2024-05-22
"{'id': None, 'name': 'Yahoo Entertainment'}",editorial-team@simplywallst.com (Simply Wall St),3 Indian Exchange Growth Stocks With Insider Ownership As High As 39%,"The Indian market has shown robust performance, rising 2.3% over the last week and achieving a remarkable 45% growth over the past year, with earnings...",https://finance.yahoo.com/news/3-indian-exchange-growth-stocks-010354229.html,https://media.zenfs.com/en/simply_wall_st__316/1d405932ab06ff458a2892e2e6f5b19b,2024-06-19T01:03:54Z,"The Indian market has shown robust performance, rising 2.3% over the last week and achieving a remarkable 45% growth over the past year, with earnings expected to grow by 16% annually. In such a thri… [+5647 chars]",2024-06-19
"{'id': None, 'name': 'Forbes'}","Suzanne Rowan Kelleher, Forbes Staff, 
 Suzanne Rowan Kelleher, Forbes Staff
 https://www.forbes.com/sites/suzannerowankelleher/",Thailand Relaxes Its Visa Program: Longer Stays For Tourists And Digital Nomads,"Thailand's new initiative will allow travelers from 93 countries to stay up to 60 days, and relax rules for digital nomads, students and retirees.",https://www.forbes.com/sites/suzannerowankelleher/2024/05/30/thailand-relax-visa-program-longer-stays-tourists-digital-nomads/,"https://imageio.forbes.com/specials-images/imageserve/66587c1e45e5cd45adb5558c/0x0.jpg?format=jpg&crop=3302,1970,x0,y0,safe&height=900&width=1600&fit=bounds",2024-05-30T14:48:23Z,"Thailand is pulling out the stops to attract more tourists from a larger pool of countries and for longer stays.
getty
This week, Thailands government announced that it is significantly relaxing it… [+2616 chars]",2024-05-30
"{'id': None, 'name': 'Forbes'}","Jonathan Burgos, Forbes Staff, 
 Jonathan Burgos, Forbes Staff
 https://www.forbes.com/sites/jonathanburgos/","Casino Tycoon Lim Kok Thay’s Genting To Invest $1 Billion In China, Indonesia Energy Projects",Malaysian casino billionaire Lim Kok Thay’s Genting will invest over $1 billion in clean energy projects across China and Indonesia as it seeks to accelerate its transition from coal.,https://www.forbes.com/sites/jonathanburgos/2024/06/20/casino-tycoon-lim-kok-thays-genting--to-invest-1-billion-in-china-indonesia-energy-projects/,https://imageio.forbes.com/specials-images/imageserve/667418939ff98fb712ff87aa/0x0.jpg?format=jpg&height=900&width=1600&fit=bounds,2024-06-20T12:13:33Z,"Lim Kok Thay, chairman and chief executive officer of Genting Bhd., speaks at a ceremony marking the ... [+] soft opening of Genting Singapore Plc's Resorts World Sentosa casino in Singapore, on Sund… [+2334 chars]",2024-06-20
"{'id': None, 'name': 'Tabnak.ir'}",info@tabnak.ir,Iran calls India ‘major partner’,Iranian says India has turned to be its ‘major partner’ as Tehran presses ahead with its ‘looking east’ policies.,https://www.tabnak.ir/fa/news/1241539/iran-calls-india-‘major-partner’,https://www.tabnak.irhttps://cdn.tabnak.ir/files/fa/news/1403/3/19/1828106_513.jpg,2024-06-08T06:19:44Z,"TABNAK: Iranian First Vice-President Mohammad Mokhber in a message congratulated Indian President Narendra Modi over his victory in the parliamentary elections.
Mokhber in a message on Friday, descr… [+2974 chars]",2024-06-08
"{'id': None, 'name': 'Forbes'}","Simi Thambi​, Contributor, 
 Simi Thambi​, Contributor
 https://www.forbes.com/sites/simithambi/",3 Reasons Why Kenya’s Carbon Markets Can Be Expected To Grow,"The President of Kenya promoted carbon credits as a big export from the country. When a president does that, you stop & pay attention. What's so unique about this space?",https://www.forbes.com/sites/simithambi/2024/05/29/3-reasons-why-kenyas-carbon-markets-can-be-expected-to-grow/,https://imageio.forbes.com/specials-images/imageserve/665566ef5db54f33d8414cc7/0x0.jpg?format=jpg&height=900&width=1600&fit=bounds,2024-05-29T10:15:00Z,"18 February 2021, Kenya, Gazi: The sun shines through the branches in a mangrove forest in Gazi in ... [+] southeastern Kenya. Photo: Gioia Forster/dpa (Photo by Gioia Forster/picture alliance via Ge… [+7156 chars]",2024-05-29
"{'id': 'rt', 'name': 'RT'}",RT,Russian oil revenues rise 50% – Bloomberg,"Russia’s proceeds from oil exports surged by almost 50% year-on-year in May due to soaring crude prices, Bloomberg has reported Read Full Article at RT.com",https://www.rt.com/business/598856-russia-oil-revenue-surge/,https://mf.b37mrtl.ru/files/2024.06/article/6661bdc22030273f2a789b8a.jpg,2024-06-06T13:55:40Z,"Russia’s oil revenues surged by almost 50% last month compared to a year ago, as crude prices soared and the country continued to adapt to Western sanctions, Bloomberg reported on Thursday.
Moscow’s… [+1827 chars]",2024-06-06
"{'id': None, 'name': 'Yahoo Entertainment'}",Anup Roy and Ronojoy Mazumdar,India Wins S&P Rating Outlook Boost Days Before Voting Ends,"(Bloomberg) -- S&P Global Ratings signaled a likely upgrade in India’s sovereign credit rating in coming months, giving a boost to Prime Minister Narendra...",https://finance.yahoo.com/news/india-wins-p-outlook-boost-085252243.html,https://media.zenfs.com/en/bloomberg_markets_842/e53e8e3bccb99e5ef6234cfe9cdf2bc1,2024-05-29T10:15:02Z,"(Bloomberg) -- S&amp;P Global Ratings signaled a likely upgrade in Indias sovereign credit rating in coming months, giving a boost to Prime Minister Narendra Modis government less than a week before … [+3521 chars]",2024-05-29
"{'id': None, 'name': 'BBC News'}",,India opposition accuses Modi of 'stock market scam',Rahul Gandhi has demanded an investigation into a stock market crash that hit investors on 4 June.,https://www.bbc.com/news/articles/cekkddndldeo,https://ichef.bbci.co.uk/news/1024/branded_news/801d/live/a8ae82e0-2499-11ef-baa7-25d483663b8e.jpg,2024-06-07T07:30:38Z,"Indian opposition leader Rahul Gandhi has demanded an investigation into a stock market crash that hit investors at the end of the general election.
He accused top Bharatiya Janata Party (BJP) leade… [+2975 chars]",2024-06-07
"{'id': None, 'name': 'Tinybuddha.com'}",Cristina Bonnet Acosta,The Problem with Meditating to Become More Productive,"“Stress is caused by being ‘here’ but wanting to be ‘there,’ or being in the present but wanting to be in the future.” ~Eckhart Tolle, The Power of Now
I started learning yoga and meditation when I was eighteen years old, in the late nineties, in the car gara…",https://tinybuddha.com/blog/the-problem-with-meditating-to-become-more-productive/,https://cdn.tinybuddha.com/wp-content/uploads/2024/06/Business-woman-meditating.png,2024-06-18T10:16:19Z,"Stress is caused by being here but wanting to be there, or being in the present but wanting to be in the future. ~Eckhart Tolle, The Power of Now
I started learning yoga and meditation when I was ei… [+7881 chars]",2024-06-18
"{'id': None, 'name': 'Forbes'}","Tristan Lavalette, Contributor, 
 Tristan Lavalette, Contributor
 https://www.forbes.com/sites/tristanlavalette/",San Francisco Unicorns Embracing Silicon Valley Identity As Major League Cricket Takes Off,"Co-owned by venture capitalists, San Francisco Unicorns have decided to embrace a Silicon Valley identity ahead of the second season of America's Major League Cricket.",https://www.forbes.com/sites/tristanlavalette/2024/05/23/san-francisco-unicorns-embracing-silicon-valley-identity-as-major-league-cricket-takes-off/,https://imageio.forbes.com/specials-images/imageserve/64da2fa9d20122237d635ebc/0x0.jpg?format=jpg&height=900&width=1600&fit=bounds,2024-05-23T14:39:54Z,"The second season of Major League Cricket starts on July 5 (AP Photo/LM Otero)
Copyright 2023 The Associated Press. All rights reserved.
Co-owned by Silicon Valley venture capitalists, San Francisc… [+6403 chars]",2024-05-23
"{'id': None, 'name': 'Forbes'}","Sumant Sinha, Contributor, 
 Sumant Sinha, Contributor
 https://www.forbes.com/sites/sumantsinha/",Are Bretton Woods Institutions Doing Enough On Climate Action?,"Catalysing the flow of capital into emerging markets will accelerate global climate action. The World Bank and IMF are clearly trying, but more can be done.",https://www.forbes.com/sites/sumantsinha/2024/05/31/are-bretton-woods-institutions-doing-enough-on-climate-action/,https://imageio.forbes.com/specials-images/imageserve/66599377ff5027a9cd7d9fa7/0x0.jpg?format=jpg&height=900&width=1600&fit=bounds,2024-05-31T09:06:26Z,"TOPSHOT - This photo taken on October 6, 2021 shows solar panels at the Bhadla Solar Park in Bhadla, ... [+] in the northern Indian state of Rajasthan.
AFP via Getty Images
In previous articles, I'… [+5645 chars]",2024-05-31
"{'id': None, 'name': 'Sarkarinaukriblog.com'}",noreply@blogger.com (Manisha),BoB Credit Finance Various Professional Recruitment 2024,"Bank of Baroda Credit Finance and Other various Professionals Recruitment 2024
The Bank of Baroda (BoB) has advertised the Sarkari Naukri vacancy notification for recruitment of experienced Professionals in Corporate & Institutional Credit and Finance Departm…",https://www.sarkarinaukriblog.com/2024/06/bob-credit-finance-various-professional.html,https://blogger.googleusercontent.com/img/b/R29vZ2xl/AVvXsEi9TR1X4YAEev4iZuHl7iAodFzpdOEdf30dy9ChM7qSSU1NjNImh8e1mGsnIrOi9TOiti8_ZU0eFwb7qDOmyNJCVrN5hwcWVNUNyRGOorqEjDP0Fsudk-8Uu6sywLTfVOYTBO72eqbN0EejWoLHqWOxdv6s32L_YHoQ6cgziXxgHuMxhcrVxnqc/w1200-h630-p-k-no-nu/BoB-Credit-Finance-HR-Professional-Recruitment-2024.webp,2024-06-17T13:34:00Z,The Bank of Baroda (BoB) has advertised the Sarkari Naukri vacancy notification for recruitment of experienced Professionals in Corporate &amp; Institutional Credit and Finance Department and other P… [+15242 chars],2024-06-17
"{'id': None, 'name': 'Sarkarinaukriblog.com'}",noreply@blogger.com (Manisha),EPI Manager Job Vacancy Recruitment 2024,"Managers Job Vacancy Recruitment in Engineering Projects (India) Ltd. 2024

Engineering Projects (India) Ltd. (EPI) invites online applications in the prescribed form format from suitably qualified, experienced and motivated, dynamic & self-motivated professi…",https://www.sarkarinaukriblog.com/2024/06/epi-manager-job-vacancy-recruitment.html,https://blogger.googleusercontent.com/img/b/R29vZ2xl/AVvXsEiXoQd1PfE9yyZrSUYOd5apeKt6gnmkME5LdHrVS60N5iTDlGjZggbxVONj-T4CKC-2HFe1PDRhwkrHVmPTLkrI5X8G7fEjoA_zsEQtwj08b6VjVv1TiSd7-HuP_lxkOdA35WZuOk2J_QQKaDIw__KhSH63fRzFzZBgx05OGKkV_w8k40pKiQ/w1200-h630-p-k-no-nu/engineering-projects-limited-job-recruitment.webp,2024-06-12T09:34:00Z,"Engineering Projects (India) Ltd. (EPI) invites online applications in the prescribed form format from suitably qualified, experienced and motivated, dynamic &amp; self-motivated professionals with z… [+2731 chars]",2024-06-12
"{'id': None, 'name': 'Finovate.com'}",Julie Muhn (@julieschicktanz),Reliance Group Launches JioFinance SuperApp for Users in India,"TechCrunch unveiled this morning that Jio Financial Services parent and multi-sector conglomerate Reliance Group launched its own financial super app, JioFinance. Jio Financial’s new JioFinance app launched today in the Google Play store and aims to serve as …",https://finovate.com/reliance-group-launches-jiofinance-superapp-for-users-in-india/,https://finovate.com/wp-content/uploads/2024/05/Screen-Shot-2024-05-30-at-11.03.11-AM-1.png,2024-05-30T21:18:56Z,"<ul><li>Jio Financial Services parent Reliance Group launched its own financial super app, JioFinance.</li><li>JioFinance serves as a single place where users can conduct digital payments, apply for … [+1896 chars]",2024-05-30
"{'id': None, 'name': 'Yahoo Entertainment'}",editorial-team@simplywallst.com (Simply Wall St),Inside Look At Three Indian Growth Companies With High Insider Ownership,"The Indian market has shown robust performance, rising 2.4% in the past week and achieving a remarkable 45% growth over the last year, with earnings...",https://finance.yahoo.com/news/inside-look-three-indian-growth-093407848.html,https://media.zenfs.com/en/simply_wall_st__316/064d0b7911046f8efd85160776a9b33b,2024-06-19T09:34:07Z,"The Indian market has shown robust performance, rising 2.4% in the past week and achieving a remarkable 45% growth over the last year, with earnings projected to grow by 16% annually. In such an opti… [+5731 chars]",2024-06-19
"{'id': 'al-jazeera-english', 'name': 'Al Jazeera English'}",AJLabs,Mapping which countries recognise Palestine in 2024,"The State of Palestine is recognised by 143 countries around the world. Norway, Spain and Ireland will join that list.",https://www.aljazeera.com/news/2024/5/22/mapping-which-countries-recognise-palestine-in-2024,https://www.aljazeera.com/wp-content/uploads/2024/05/pEGCG-1.png?resize=1200%2C630,2024-05-22T14:39:25Z,"Norway, Ireland and Spain have announced they will formally recognise Palestine as a state on Tuesday.
Wednesdays announcement has prompted Israel to immediately recall its envoys to Ireland and Nor… [+5020 chars]",2024-05-22
"{'id': 'rt', 'name': 'RT'}",RT,SPIEF 2024: Indian pharma giant to expand presence in Russia,The Russian Direct Investment Fund and India’s Cadila Pharmaceuticals have agreed to invest over $100 million in a new facility Read Full Article at RT.com,https://www.rt.com/india/598833-india-russia-pharma-facility-invest/,https://mf.b37mrtl.ru/files/2024.06/article/66617ec885f5405e0c041c1f.jpg,2024-06-06T11:17:31Z,"Indian company Cadila Pharmaceuticals and the Russian Direct Investment Fund (RDIF) have agreed to jointly finance the first stage of a new manufacturing facility in Russia, according to a statement … [+2453 chars]",2024-06-06
"{'id': None, 'name': 'Yahoo Entertainment'}",South China Morning Post,Fintech start-up rides AI surge to bring 'inclusive' finance to underbanked markets,A start-up is trying to catch the artificial intelligence (AI) surge to bring financial services to the underbanked population in developing markets. Meet...,https://finance.yahoo.com/news/fintech-start-rides-ai-surge-093000006.html,https://s.yimg.com/ny/api/res/1.2/GxPKveeq0d1tj4lUnNIJaQ--/YXBwaWQ9aGlnaGxhbmRlcjt3PTEyMDA7aD04MDA-/https://media.zenfs.com/en/south_china_morning_post_us_228/1db2407bb67c69ee38a3c6e854e4ea78,2024-06-10T09:30:00Z,"A start-up is trying to catch the artificial intelligence (AI) surge to bring financial services to the underbanked population in developing markets. Meet Surfin-Meta, a Singapore-based fintech compa… [+4278 chars]",2024-06-10
"{'id': None, 'name': 'just-style.com'}",Isatou Ndure,"IFC backs Epic Group’s green textile push in Bangladesh, India","The International Finance Corporation (IFC) is providing $100m in debt financing to Hong Kong-based clothing manufacturer, Epic Group to support sustainable ...",https://www.just-style.com/news/ifc-backs-epic-groups-green-textile-push-in-bangladesh-india/,https://media.zenfs.com/en/just_style_482/82f10628e826b4b882805e1bddfde286,2024-06-18T09:15:15Z,"Under the terms of the deal between IFC and Epic Group, the debt financing package includes a $70 m sustainability-linked loan and a $30m green loan IFC's first green loan with sustainability-linked … [+2886 chars]",2024-06-18
"{'id': None, 'name': 'Securityaffairs.com'}",Pierluigi Paganini,Critical Apache Log4j2 flaw still threatens global finance,"The vulnerability CVE-2021-44832 is Apache Log4j2 library is still a serious problem for multiple industries, expert warns it threatens global Finance. The independent cyber threat intelligence analyst Anis Haboubi warns of a severe logging configuration flaw…",https://securityaffairs.com/163984/hacking/critical-apache-log4j2-flaw-still-threatens-global-finance.html,https://securityaffairs.com/wp-content/uploads/2014/05/russia-and-ukraine.jpg,2024-06-01T15:44:06Z,"Critical Apache Log4j2 flaw still threatens global finance
 | Crooks stole more than $300M worth of Bitcoin from the exchange DMM Bitcoin
 | ShinyHunters is selling data of 30 million Santander cus… [+73258 chars]",2024-06-01
"{'id': None, 'name': 'Forbes'}","William Pesek, Senior Contributor, 
 William Pesek, Senior Contributor
 https://www.forbes.com/sites/williampesek/",China’s Currency Plans May Make Donald Trump’s Head Explode,The plot surrounding China’s currency thickened this week as the nation’s central bank loosened its grip on the yuan.,https://www.forbes.com/sites/williampesek/2024/05/24/chinas-currency-plans-may-make-donald-trumps-head-explode/,https://imageio.forbes.com/specials-images/imageserve/665070ae0e44b2d8e3008ce1/0x0.jpg?format=jpg&height=900&width=1600&fit=bounds,2024-05-24T10:50:45Z,"Paul Yeung/Bloomberg
The plot surrounding Chinas currency thickened this week as the nations central bank loosened its grip on the yuan.
The Peoples Bank of China allowed the exchange rate to weake… [+4706 chars]",2024-05-24
"{'id': 'rt', 'name': 'RT'}",RT,Key ministers reappointed in Modi’s new cabinet,The details of India’s newly formed government under Narendra Modi’s third term as prime minister have been revealed  Read Full Article at RT.com,https://www.rt.com/india/599093-key-ministers-reappointed-in-modi-cabinet/,https://mf.b37mrtl.ru/files/2024.06/article/66672a4c203027154732d29b.png,2024-06-10T17:02:01Z,"Ministers for key portfolios in India’s new government, formed after the recent elections concluded, were announced on Monday. Those in key posts, including foreign, defense, finance, and home affair… [+3145 chars]",2024-06-10
"{'id': None, 'name': 'Forbes'}","Elena Volotovskaya, Forbes Councils Member, 
 Elena Volotovskaya, Forbes Councils Member
 https://www.forbes.com/sites/forbesfinancecouncil/people/elenavolotovskaya/",Emerging Markets: Main Risks And Opportunities For Venture Investors,Emerging markets provide numerous options for venture investors seeking development and variety.,https://www.forbes.com/sites/forbesfinancecouncil/2024/06/03/emerging-markets-main-risks-and-opportunities-for-venture-investors/,https://imageio.forbes.com/specials-images/imageserve/665a394b972a05ae7d42df9c/0x0.jpg?format=jpg&height=900&width=1600&fit=bounds,2024-06-03T11:30:00Z,"Elena Volotovskaya is the Head of Softline Venture Partners.
getty
Emerging markets provide numerous options for venture investors seeking development and variety. These countries have a large popu… [+5794 chars]",2024-06-03
"{'id': None, 'name': 'Project Syndicate'}",Jeffrey Frankel,Europe’s Carbon Border Tax Advances the Fight Against Climate Change,"At first glance, the European Union’s Carbon Border Adjustment Mechanism may look like a potential source of international discord. But a closer look suggests that the EU’s strict carbon-pricing regime may be the best chance the world has to achieve the Paris…",https://www.project-syndicate.org/commentary/eu-carbon-border-adjustment-mechanism-may-hold-key-to-combating-climate-change-by-jeffrey-frankel-2024-05,https://webapi.project-syndicate.org/library/b1f968bae1e1f352cf2b4b7ad9306820.2-1-super.1.jpg,2024-05-24T14:55:45Z,"At first glance, the European Unions Carbon Border Adjustment Mechanism may look like a potential source of international discord. But a closer look suggests that the EUs strict carbon-pricing regime… [+5770 chars]",2024-05-24
"{'id': None, 'name': 'Yahoo Entertainment'}",Khushi Malhotra,India’s Biggest Bond Holders Sell Into JPMorgan-Induced Demand,"(Bloomberg) -- Sign up for theIndia Edition newsletter by Menaka Doshi – an insider's guide to the emerging economic powerhouse, and the billionaires and...",https://finance.yahoo.com/news/india-biggest-bond-holders-sell-064101820.html,https://s.yimg.com/ny/api/res/1.2/14ghUSrb8RAYn_4tpS8HZw--/YXBwaWQ9aGlnaGxhbmRlcjt3PTEyMDA7aD02ODM-/https://media.zenfs.com/en/bloomberg_markets_842/c10ae23ed34e11d464d96e4b940d0821,2024-06-19T06:41:01Z,"(Bloomberg) -- Sign up for theIndia Edition newsletter by Menaka Doshi an insider's guide to the emerging economic powerhouse, and the billionaires and businesses behind its rise, delivered weekly.
… [+1424 chars]",2024-06-19
"{'id': None, 'name': 'Yahoo Entertainment'}",,"Analyst Report: Williams-Sonoma, Inc.","Find the latest Williams-Sonoma, Inc. (WSM) stock forecast based on top analyst's estimates, plus more investing and trading data from Yahoo Finance",https://finance.yahoo.com/research/reports/ARGUS_3537_AnalystReport_1716569509000/,https://s.yimg.com/cv/apiv2/social/images/yahoo_default_logo.png,2024-05-24T16:51:49Z,"Williams-Sonoma Inc. is a leading specialty retailer of products for the home. The San Francisco-based company operates 533 retail stores under the Williams-Sonoma, Pottery Barn, Pottery Barn Kids, P… [+696 chars]",2024-05-24
"{'id': None, 'name': 'Project Syndicate'}",Antara Haldar,Still Haunted by the Washington Consensus,"The old, dominant Western economic orthodoxy had two decades of hegemony after the Cold War, and ultimately proved wanting. Now, global challenges – from climate change and artificial intelligence to the space race and pandemics – require us to address questi…",https://www.project-syndicate.org/commentary/washington-consensus-still-haunting-global-development-and-climate-debates-by-antara-haldar-2024-05,https://webapi.project-syndicate.org/library/a4630c6b3df75285692e0c845d3a6f5b.2-1-super.1.jpg,2024-05-31T16:18:25Z,"The old, dominant Western economic orthodoxy had two decades of hegemony after the Cold War, and ultimately proved wanting. Now, global challenges from climate change and artificial intelligence to t… [+6621 chars]",2024-05-31
"{'id': None, 'name': '[Removed]'}",,[Removed],[Removed],https://removed.com,,1970-01-01T00:00:00Z,[Removed],1970-01-01
"{'id': 'the-times-of-india', 'name': 'The Times of India'}",ET Now,New bubble? Why are smallcaps and PSU stocks rebounding strongly from June 4 lows? Ashwini Agarwal answers,"Ashwini Agarwal says he cannot get himself to agree that the PSU valuations have become quite eye-popping and leave no room for further upside. But bubbles have their own mind and bubbles can get a lot bigger before they burst. So, there may be a lot of upsid…",https://economictimes.indiatimes.com/markets/expert-view/new-bubble-why-are-smallcaps-and-psu-stocks-rebounding-strongly-from-june-4-lows-ashwini-agarwal-answers/articleshow/111106121.cms,"https://img.etimg.com/thumb/msid-111106095,width-1200,height-630,imgsize-12356,overlay-etmarkets/photo.jpg",2024-06-19T07:15:16Z,"According to Ashwini Agarwal, Founder, Demeter Advisors, it has again become a very bottom-up market. Sure, there are some themes running, such as the PSU, defence, railways and like I said, in my pe… [+8756 chars]",2024-06-19
"{'id': None, 'name': 'Yahoo Entertainment'}",Kate Abnett,Explainer-The global fight over climate change funding,Nearly 200 countries will try to agree a new global goal for funding to fight climate change at this year's U.N. COP29 climate summit in November in Baku...,https://www.yahoo.com/news/explainer-global-fight-over-climate-054320908.html,https://media.zenfs.com/en/reuters.com/fa66ad6a12ae498ec13badf1e9348528,2024-06-13T05:43:20Z,"By Kate Abnett
BONN (Reuters) - Nearly 200 countries will try to agree a new global goal for funding to fight climate change at this year's U.N. COP29 climate summit in November in Baku, Azerbaijan.… [+4035 chars]",2024-06-13
"{'id': 'news24', 'name': 'News24'}",Phillip de Wet,"News24 | SA is keen to 'improve' global finance, Pandor tells BRICS, while Russia talks sanctions-busting","Russia tells a BRICS meeting it must act because the West is weaponising ""economic tools"". South Africa agrees a new financial system is needed, but skips the attack on the US.",https://www.news24.com/news24/world/news/sa-is-keen-to-improve-global-finance-pandor-tells-brics-while-russia-talks-sanctions-busting-20240610,https://cdn.24.co.za/files/Cms/General/d/9558/15a9b8c20d0b4713bc4aecb35ee04a19.jpg,2024-06-11T06:39:05Z,"The emerging new world order exemplified by BRICS needs a new financial system, Russia and South Africa agreed on Monday – but for different reasons.
Foreign ministers of the bloc, still named after… [+502 chars]",2024-06-11
"{'id': None, 'name': 'Yahoo Entertainment'}",editorial-team@simplywallst.com (Simply Wall St),Insider-Owned Growth Leaders On The Indian Exchange In May 2024,"Over the past year, the Indian market has experienced substantial growth, rising 43%, despite remaining flat in the most recent week. In this context...",https://finance.yahoo.com/news/insider-owned-growth-leaders-indian-010403242.html,https://media.zenfs.com/en/simply_wall_st__316/1762e59d0031dd7c767b613ac375bc3b,2024-05-30T01:04:03Z,"Over the past year, the Indian market has experienced substantial growth, rising 43%, despite remaining flat in the most recent week. In this context, companies with high insider ownership can be par… [+6095 chars]",2024-05-30
"{'id': 'al-jazeera-english', 'name': 'Al Jazeera English'}",Virginia Pietromarchi,G7 meets in Italy: What’s on the table?,"From frozen Russian assets to growing West-China tensions, leading advanced economies have thorny issues to tackle.",https://www.aljazeera.com/news/2024/6/12/g7-meets-in-italy-whats-on-the-table,https://www.aljazeera.com/wp-content/uploads/2024/06/2024-06-11T115953Z_1557714305_RC2W88ADMFQQ_RTRMADP_3_G7-SUMMIT-1718175551.jpg?resize=1920%2C1440,2024-06-12T10:55:18Z,"Bari, Italy Leaders of advanced economies are gearing up for the annual Group of Seven (G7) meeting in Italy in a year marked by wars in Europe and the Middle East and growing competition between the… [+5803 chars]",2024-06-12
"{'id': 'rt', 'name': 'RT'}",RT,New Delhi to review army recruitment policy – media,The Indian military could reconsider its army recruitment procedures as a new government takes shape Read Full Article at RT.com,https://www.rt.com/india/599169-army-recruitment-policy-review/,https://mf.b37mrtl.ru/files/2024.06/article/6669667485f5407a6d0bbee4.jpg,2024-06-12T10:06:54Z,"Reviewing army recruitment policy and modernizing defence platforms are among the key priories for India’s newly formed coalition government, according to national media reports.
Rajnath Singh, a se… [+2670 chars]",2024-06-12
"{'id': None, 'name': 'Livemint'}",mint,Modi 3.0: What the PM may focus on for India's transformation into Viksit Bharat,"Spanning sectors like manufacturing, exports, transport, defence, finance and space research, we can expect a burst of action aimed solidifying India's position as an economic powerhouse.",https://www.livemint.com/opinion/online-views/modi-3-0-what-the-pm-may-focus-on-for-indias-transformation-into-viksit-bharat-11717528332121.html,https://www.livemint.com/lm-img/img/2024/06/04/1600x900/msme-kFpH--621x414LiveMint_1717531354695_1717531354857.jpg,2024-06-05T07:00:15Z,"As Prime Minister Narendra Modi embarks on his third term, lets call it Modi 3.0, expectations run high of transformative policies aimed at solidifying Indias position as an economic powerhouse. Modi… [+5156 chars]",2024-06-05
"{'id': None, 'name': 'Project Syndicate'}",Debasish Roy Chowdhury,India’s “Truman Show” Democracy,"During Indian Prime Minister Narendra Modi’s decade in power, he has brought the country’s mainstream media fully into line with his goal of establishing a Hindu supremacist political order. Accordingly, Indian media are now in the business of constructing an…",https://www.project-syndicate.org/magazine/india-media-aligned-with-modi-bjp-hindutva-project-by-debasish-roy-chowdhury-2024-06,https://webapi.project-syndicate.org/library/7a731dcc9809c9acd1b0403a1f051be8.2-1-super.1.jpg,2024-06-10T00:05:00Z,"During Indian Prime Minister Narendra Modis decade in power, he has brought the countrys mainstream media fully into line with his goal of establishing a Hindu supremacist political order. Accordingl… [+11761 chars]",2024-06-10
"{'id': None, 'name': 'Rlsbb.cc'}",saamaan1@yahoo.com (Master),Business Traveller India - June/July 2024,"The leading magazine for the corporate traveller. We aim to save you money and make your travelling life easier. Each edition has the latest news from airlines, airports, hotels and car hire companies, reviews of the latest gadgets, technology and accessories…",https://rlsbb.cc/business-traveller-india-june-july-2024/,,2024-05-30T15:08:53Z,"The leading magazine for the corporate traveller. We aim to save you money and make your travelling life easier. Each edition has the latest news from airlines, airports, hotels and car hire companie… [+678 chars]",2024-05-30
"{'id': None, 'name': 'Lukemuehlhauser.com'}",,How big a deal was the Industrial Revolution? (2017),Comments,https://lukemuehlhauser.com/industrial-revolution/,,2024-06-05T18:28:53Z,"Explanatory note: This page grew out of one of my investigations for Open Phil, but then I got fascinated and put a bunch of personal time into elaborating certain parts of it, and it evolved into so… [+155616 chars]",2024-06-05
"{'id': None, 'name': 'Yahoo Entertainment'}",editorial-team@simplywallst.com (Simply Wall St),Exploring Three Indian Exchange Growth Companies With Substantial Insider Ownership,"The Indian stock market is poised for a significant upswing, buoyed by the anticipation of continued governance under Prime Minister Narendra Modi, with exit...",https://finance.yahoo.com/news/exploring-three-indian-exchange-growth-093403586.html,https://media.zenfs.com/en/simply_wall_st__316/1762e59d0031dd7c767b613ac375bc3b,2024-06-03T09:34:03Z,"The Indian stock market is poised for a significant upswing, buoyed by the anticipation of continued governance under Prime Minister Narendra Modi, with exit polls predicting a strong electoral win. … [+5961 chars]",2024-06-03
"{'id': None, 'name': 'Nakedcapitalism.com'}",Lambert Strether,Links 5/31/2024,Our decolonizing daliy links,https://www.nakedcapitalism.com/2024/05/links-5-31-2024.html,https://www.nakedcapitalism.com/wp-content/uploads/2024/05/donkey.jpg,2024-05-31T10:58:45Z,"Aposiopesis’: Watch 12-year-old win US Spelling Bee BBC
How the Guinness Brewery Invented the Most Important Statistical Method in Science Scientific American
JP Morgan Launches Fractional Shares F… [+10601 chars]",2024-05-31
"{'id': None, 'name': 'The Japan Times'}",Kate Abnett,Climate change funding talks stuck ahead of COP29 summit,Some negotiators have said that ministers could raise the issue at higher level meetings such as G20 ministers' gatherings in Brazil ahead of COP29.,https://www.japantimes.co.jp/environment/2024/06/13/climate-change/climate-change-funding-cop29/,https://www.japantimes.co.jp/japantimes/uploads/images/2024/06/13/403010.jpg,2024-06-13T07:02:00Z,"Bonn, Germany With just five months to go before this year's U.N. climate summit, countries cannot agree on the size of a global funding bill to help the developing world fight climate change let alo… [+5297 chars]",2024-06-13
"{'id': None, 'name': 'Skift'}",Skift,Gulf Countries Seek to Teach Students ‘Hospitality’ in Classes,Hospitality as a school subject is likely to start being added in countries across the Gulf as they rush to fill their newly-opened hotels.,http://skift.com/2024/06/05/gulf-countries-seek-to-teach-students-hospitality-in-classes/,https://skift.com/wp-content/uploads/2024/06/Emirates-Academy-of-Hospitality-Management-1024x683.png,2024-06-05T04:30:00Z,"Hospitality as a school subject is likely to start being added in countries across the Gulf as they rush to fill their newly opened hotels. Tourism is a key component of the region’s economy, with ar… [+3391 chars]",2024-06-05
"{'id': None, 'name': 'The National Interest '}",Jeremy Harrell,U.S. Development Finance Helped Rescue Europe from Russian Energy,America is facing a critical period of intensifying international challenges. The aggressive maneuvers of adversaries demand an increasingly robust use of U.S. foreign policy assets. Energy to sustain growing economies is at the heart of these issues. America…,https://nationalinterest.org/feature/us-development-finance-helped-rescue-europe-russian-energy-211500,https://nationalinterest.org/sites/default/files/main_images/LNG_SS%20%281%29.jpg,2024-06-18T21:03:14Z,America is facing a critical period of intensifying international challenges. The aggressive maneuvers of adversaries demand an increasingly robust use of U.S. foreign policy assets. Energy to sustai… [+5832 chars],2024-06-18
"{'id': 'rt', 'name': 'RT'}",RT,Modi begins historic third term as India’s PM,Narendra Modi has been sworn-in as Indian PM after his Bharatiya Janata Party-led alliance won a majority in the general election Read Full Article at RT.com,https://www.rt.com/india/599047-modi-india-third-term-oath/,https://mf.b37mrtl.ru/files/2024.06/article/6665b95a85f5406e36609acd.jpg,2024-06-09T14:55:57Z,"Narendra Modi, leader of the Hindu nationalist Bharatiya Janata Party (BJP), was sworn in on Sunday as the prime minister of the world’s most populous nation for a third consecutive term.
Modi has n… [+2878 chars]",2024-06-09
"{'id': None, 'name': 'N-tv.de'}",n-tv NACHRICHTEN,"Indiens Wirtschaftsboom: Zündet ""Made in India"" den Jobmotor?",In Indien gibt es viel mehr junge Menschen als Arbeitsplätze. Im Produktionssektor entstehen zwar neue Jobs. Doch reicht das aus? Für viele junge Inder ist der Weg ins Ausland die Alternative - ein Win-win auch für Deutschland?,https://www.n-tv.de/wirtschaft/Zuendet-Made-in-India-den-Jobmotor-article25027638.html,https://bilder3.n-tv.de/img/incoming/crop25027654/1181321894-cImg_16_9-w1200/466407511.jpg,2024-06-20T09:00:00Z,In Indien gibt es viel mehr junge Menschen als Arbeitsplätze. Im Produktionssektor entstehen zwar neue Jobs. Doch reicht das aus? Für viele junge Inder ist der Weg ins Ausland die Alternative - ein W… [+3560 chars],2024-06-20
"{'id': 'rt', 'name': 'RT'}",RT,BRICS developing platform for transactions in national currencies – Lavrov,"BRICS is prioritizing the creation of a platform allowing inter-bloc transactions in national currencies, Sergey Lavrov says Read Full Article at RT.com",https://www.rt.com/russia/599079-brics-platform-transactions-national-currencies/,https://mf.b37mrtl.ru/files/2024.06/article/6666eb3385f540691d653120.jpg,2024-06-10T12:06:35Z,"BRICS is prioritizing the creation of a platform that will enable member states to conduct transactions in national currencies, Russian Foreign Minister Sergey Lavrov has said.
Speaking at a meeting… [+2097 chars]",2024-06-10
"{'id': None, 'name': 'Iasexamportal.com'}",trainee5,(THE GIST OF PIB) Sixteenth Finance Commission,,https://iasexamportal.com/the-gist/pib-sixteenth-finance-commission,,2024-06-04T12:24:25Z,"<li>The Sixteenth Finance Commission (XVIFC) has invited suggestions/views from general public, interested organisations and individuals on the terms of reference for the XVIFC as specied below, as w… [+1021 chars]",2024-06-04
"{'id': 'cbs-news', 'name': 'CBS News'}",Kate Gibson,"Virginia tech company admonished for ""Whites only"" job posting",Arthur Grand Technologies blamed a disgruntled worker for posting a discriminatory job listing.,https://www.cbsnews.com/news/whites-only-job-posting-arthur-grand-technologies/,https://assets3.cbsnewsstatic.com/hub/i/r/2023/12/29/34908973-784f-4acb-bbbc-9b9d362901e5/thumbnail/1200x630/a3a5a820be3df4f938c34063a491e5c6/gettyimages-1419934098.jpg?v=83093a0dd27502f0a52cd68b1c5b8b6e,2024-05-24T16:20:00Z,"A Virginia company's job listing inviting only White people and the U.S.-born to apply for a position didn't just raise eyebrows online — it also caught the attention of the U.S. government.
Arthur … [+1629 chars]",2024-05-24
"{'id': 'cbc-news', 'name': 'CBC News'}",,Earth hit with 12 straight months of record-breaking temperatures,"The planet’s string of record-breaking temperatures has continued for a full year, with May marking the 12th consecutive month for which its average temperature set a new record for the month. The grim milestone prompted a call for urgent action from the Unit…",https://www.cbc.ca/news/climate/climate-warming-copernicus-record-united-nations-1.7224438,https://i.cbc.ca/1.7224439.1717538889!/cpImage/httpImage/image.jpg_gen/derivatives/16x9_620/climate-asia-heat-waves.jpg,2024-06-05T14:30:00Z,"The planet's string of record-breaking temperatures has continued for a full year, with May marking the 12th consecutive month for which its average temperature set a new record for that month.
In t… [+4677 chars]",2024-06-05
"{'id': None, 'name': 'Yahoo Entertainment'}",Reuters,Foreigners pull money out of EM portfolios after five months of inflows,"Foreigners pulled money out of their emerging market portfolios in April on concerns of a tighter monetary policy path in the U.S., with outflows from stocks...",https://finance.yahoo.com/news/foreigners-pull-money-em-portfolios-202059633.html,https://media.zenfs.com/en/reuters-finance.com/311318a008bbd998edd9d65a8338b962,2024-05-30T20:20:59Z,"NEW YORK (Reuters) - Foreigners pulled money out of their emerging market portfolios in April on concerns of a tighter monetary policy path in the U.S., with outflows from stocks in India and Indones… [+1367 chars]",2024-05-30
"{'id': None, 'name': 'Yahoo Entertainment'}",Preeti Soni and Dan Strumpf,Modi Control of New Cabinet Suggests He Can ‘Manage His Allies’,"(Bloomberg) -- Indian Prime Minister Narendra Modi is keeping some of his closest advisers in place across key government leadership posts, an indication...",https://finance.yahoo.com/news/modi-control-cabinet-suggests-manage-104845147.html,https://s.yimg.com/ny/api/res/1.2/soMt14j23idqkaEENbfOWw--/YXBwaWQ9aGlnaGxhbmRlcjt3PTEyMDA7aD04MjQ-/https://media.zenfs.com/en/bloomberg_markets_842/8e8ba05ff1b8a07832ee7c42e447dd8e,2024-06-11T10:48:45Z,"(Bloomberg) -- Indian Prime Minister Narendra Modi is keeping some of his closest advisers in place across key government leadership posts, an indication that his party remains firmly in control of t… [+4127 chars]",2024-06-11
"{'id': None, 'name': 'Yahoo Entertainment'}",Alex Gabriel Simon and Chiranjivi Chakraborty,India’s Stock Futures Surge as Polls Predict Landslide Modi Win,(Bloomberg) -- India’s stock futures jumped after exit polls indicated a resounding victory for Prime Minister Narendra Modi’s ruling party in general...,https://www.yahoo.com/news/india-stock-futures-surge-polls-015919536.html,https://s.yimg.com/ny/api/res/1.2/lIAk5hEoD55iDwpQOmlX7Q--/YXBwaWQ9aGlnaGxhbmRlcjt3PTEyMDA7aD04MDA-/https://media.zenfs.com/en/bloomberg_politics_602/04f2d049bbb158617b3133167955b45c,2024-06-03T01:59:19Z,"(Bloomberg) -- Indias stock futures jumped after exit polls indicated a resounding victory for Prime Minister Narendra Modis ruling party in general elections that concluded Saturday.
Most Read from… [+3431 chars]",2024-06-03
"{'id': None, 'name': 'Forbes'}","Jamil Wyne, Contributor, 
 Jamil Wyne, Contributor
 https://www.forbes.com/sites/jamilwyne/",Time To Build Climate Innovation Ecosystems,A web of institutions and individuals have to collaborate in order for climate innovations to come even close to having a sustained presence.,https://www.forbes.com/sites/jamilwyne/2024/06/04/time-to-build-climate-innovation-ecosystems/,https://imageio.forbes.com/specials-images/imageserve/6658a5edd2ba2600f948d690/0x0.jpg?format=jpg&height=900&width=1600&fit=bounds,2024-06-04T13:00:00Z,"Climate Innovation Ecosystem
Riffle Ventures
Decarbonizing heavy industry, predicting and preparing for extreme weather events, capturing carbon and other greenhouse gasses, building new insurance … [+9017 chars]",2024-06-04
"{'id': None, 'name': 'Bloguismo.com'}",Anairas,Blackjack Sites India 2024 Enjoy On the internet Black-jack Inside India,"Blogs Happy to Gamble Online Black-jack In australia? Games Having Better Rtp Time for you Enjoy Black-jack? Blackjack Give: All you have to Know Prior to Laying down The Method For individuals who gamble Blackjack video game on line, yet not, they broadens y…",https://www.bloguismo.com/blackjack-sites-india-2024-enjoy-on-the-internet-black-jack-inside-india/,https://g.twimg.com/Twitter_logo_blue.png,2024-06-20T02:33:52Z,"For individuals who gamble Blackjack video game on line, yet not, they broadens your options considerably. I have nine models away from on the web Black-jack video game and a real time broker type to… [+6880 chars]",2024-06-20
"{'id': None, 'name': 'Daily Beast'}",Shannon Vavra,Putin Publicly Mocks Advisor Who ‘Dozed’ Off at ‘Russian Davos’,"(Photo by Contributor/Getty Images)
Russian President Vladimir Putin told a longtime veteran adviser of his on Friday that he was making “offensive” comments about Russia’s economy in an appearance on stage at Russia’s prized international economic summit, t…",https://www.thedailybeast.com/vladimir-putin-publicly-mocks-advisor-who-dozed-off-at-russian-davos,"https://img.thedailybeast.com/image/upload/c_crop,d_placeholder_euli9k,h_4608,w_8192,x_0,y_328/dpr_2.0/c_limit,w_740/fl_lossy,q_auto/v1717779240/GettyImages-2155810401_1_rdue23",2024-06-07T18:19:01Z,Russian President Vladimir Putin told one of his longtime advisers on Friday that he was making offensive comments aboutRussias economy in an appearance on stage at Russias prized international econo… [+5902 chars],2024-06-07
"{'id': None, 'name': 'Bangkok Post'}",Wichit Chantanusornsiri,Exports must shift to cleaner production,"With the world moving towards green production, Deputy Finance Minister Paopoom Rojanasakul warns that Thailand will fall behind if the country does not shift in this direction.",https://www.bangkokpost.com/business/general/2802708/exports-must-shift-to-cleaner-production,https://static.bangkokpost.com/media/content/dcx/2024/05/31/5160138_700.jpg,2024-05-30T22:30:00Z,"With the world moving towards green production, Deputy Finance Minister Paopoom Rojanasakul warns that Thailand will fall behind if the country does not shift in this direction.
According to Mr Paop… [+2420 chars]",2024-05-30
"{'id': 'le-monde', 'name': 'Le Monde'}",Le Monde avec AFP,"En Inde, le premier ministre Narendra Modi a prêté serment pour un troisième mandat",Le dirigeant nationaliste a pour la première fois besoin d’une coalition pour former un gouvernement.,https://www.lemonde.fr/international/article/2024/06/09/en-inde-le-premier-ministre-narendra-modi-a-prete-serment-pour-un-troisieme-mandat_6238260_3210.html,https://img.lemde.fr/2024/06/09/0/0/4032/2688/1440/960/60/0/bc5e6e2_378a2ac2bf314a7b8c28e098bfd4c968-0-9da876fcd7f748e98e449b72710f013a.jpg,2024-06-09T14:49:47Z,"Narendra Modi, au centre, prête serment en tant que premier ministre au Rashtrapati Bhawan, à New Delhi, en Inde, le dimanche 9 juin 2024. MANISH SWARUP / AP
Le premier ministre indien, Narendra Mod… [+2317 chars]",2024-06-09
"{'id': 'the-times-of-india', 'name': 'The Times of India'}",TIMESOFINDIA.COM,"'INC and INDIA bloc trying to undermine integrity of electoral process,' says Piyush Goyal after EC visit","Union Minister Piyush Goyal and Finance Minister Nirmala Sitharaman, accompanied by agencies, discussed critical measures with the Election Commission to safeguard India's electoral process.",https://timesofindia.indiatimes.com/india/inc-and-india-bloc-trying-to-undermine-integrity-of-electoral-process-says-piyush-goyal-after-ec-visit/articleshow/110642303.cms,"https://static.toiimg.com/thumb/msid-110642350,width-1070,height-580,imgsize-1040292,resizemode-75,overlay-toi_sw,pt-32,y_pad-40/photo.jpg",2024-06-02T13:47:15Z,10 stunning space images captured by NASA's telescope,2024-06-02
"{'id': None, 'name': 'Forbes'}","Susie Violet Ward, Contributor, 
 Susie Violet Ward, Contributor
 https://www.forbes.com/sites/susievioletward/",Bitcoin And The Future Of The Lightning Network,"The Lightning Network is revolutionizing bitcoin transactions, making them faster and cheaper. This positions bitcoin as the future global settlement network.",https://www.forbes.com/sites/digital-assets/2024/06/07/bitcoin-and-the-future-of-the-lightning-network/,https://imageio.forbes.com/specials-images/imageserve/65e87d010c0c119aa5a71a00/0x0.jpg?format=jpg&height=900&width=1600&fit=bounds,2024-06-07T09:23:33Z,"A visual representation of the digital cryptocurrency Bitcoin is shown in this photo illustration ... [+] taken in Brussels, Belgium, on February 25, 2024. Photo by Jonathan Raa/NurPhoto
NurPhoto vi… [+4610 chars]",2024-06-07
"{'id': None, 'name': 'Forbes'}","Gomathy Periathiruvadi, Forbes Councils Member, 
 Gomathy Periathiruvadi, Forbes Councils Member
 https://www.forbes.com/sites/forbesfinancecouncil/people/gomathyperiathiruvadi/",Fostering A Culture Of Empathy Drives Key Business Outcomes,"As your company evolves, particularly in the global economy, your culture must evolve as well.",https://www.forbes.com/sites/forbesfinancecouncil/2024/05/31/fostering-a-culture-of-empathy-drives-key-business-outcomes/,https://imageio.forbes.com/specials-images/imageserve/637e20ab069a5e6056588241/0x0.jpg?format=jpg&height=900&width=1600&fit=bounds,2024-05-31T19:37:42Z,"Gomathy Periathiruvadi is the CFO of Alita Systems and president of Gove Technologies.
getty
The impact of company culture on key business outcomes cannot be understated. As your company evolves, p… [+4855 chars]",2024-05-31
"{'id': None, 'name': 'Forbes'}","Gaurav Sharma, Senior Contributor, 
 Gaurav Sharma, Senior Contributor
 https://www.forbes.com/sites/gauravsharma/",Global LNG Market May Witness A New Equilibrium In 2025,"Future Asian demand, pace of the energy transition and new supply coming onstream will likely influence a calmer direction of near-term travel.",https://www.forbes.com/sites/gauravsharma/2024/06/10/global-lng-market-may-witness-a-new-equilibrium-in-2025/,https://imageio.forbes.com/specials-images/imageserve/6666e4513efa6a7952f8ddd5/0x0.jpg?format=jpg&height=900&width=1600&fit=bounds,2024-06-10T14:39:41Z,"The Asia Vision LNG vessel docked at the Cheniere Energy terminal, Sabine Pass, Texas, U.S. (Photo: ... [+] Lindsey Janies)
2016 Bloomberg Finance LP
Price cyclicality has always been a feature of … [+4615 chars]",2024-06-10
"{'id': None, 'name': 'Iasexamportal.com'}",trainee5,(THE GIST OF PIB) National Film Development Corporation of India,,https://iasexamportal.com/the-gist/pib-national-film-development-corporation-of-india,,2024-06-10T09:17:38Z,"<li>National Film Development Corporation of India (NFDC) is the central agency established to encourage the good cinema movement in the country. 
</li><li>It functions under the Ministry of Informa… [+429 chars]",2024-06-10
"{'id': None, 'name': 'Project Syndicate'}",Ellen Johnson Sirleaf,"During this Super Election Year, More Women Are Needed at the Top","With gender equality lagging behind the other Sustainable Development Goals, increasing the number of women elected to political leadership roles is crucial. But to make meaningful, lasting progress, governments and philanthropies must invest in empowering mo…",https://www.project-syndicate.org/commentary/women-in-political-leadership-gender-equality-lagging-other-sdgs-by-ellen-johnson-sirleaf-and-binaifer-nowrojee-2024-06,https://webapi.project-syndicate.org/library/19d084ffe0a8acd1c112d56a926c613d.2-1-super.1.jpg,2024-06-03T10:06:01Z,"With gender equality lagging behind the other Sustainable Development Goals, increasing the number of women elected to political leadership roles is crucial. But to make meaningful, lasting progress,… [+5199 chars]",2024-06-03
"{'id': None, 'name': 'Bloguismo.com'}",Anairas,"NRIs can take mortgage brokers however, criteria pertain","NRIs can take mortgage brokers however, criteria pertain Need at least a scholar education to apply for a great financial New Indian real estate market is attractive to have low-resident Indians (NRIs) as it is easier to earn in a more powerful money and pay …",https://www.bloguismo.com/nris-can-take-mortgage-brokers-however-criteria/,https://g.twimg.com/Twitter_logo_blue.png,2024-06-09T06:40:31Z,"NRIs can take mortgage brokers however, criteria pertain
Need at least a scholar education to apply for a great financial
New Indian real estate market is attractive to have low-resident Indians (N… [+6921 chars]",2024-06-09
